{
  "smpte": {
    "description": "SMPTE ve Loading ekranı renk referans değerleri",
    "patterns": {
      "rectangle": {
        "name": "Dikdörtgen Yayınlar",
        "description": "Sarı-Yeşil-Mavi ve Logo kontrolü",
        "checkPoints": [
          {
            "name": "sol-alt-sari",
            "relativePosition": { "x": 0.18, "y": 0.75 },
            "expectedColor": { "r": 255, "g": 255, "b": 0 },
            "description": "Sarı Bar"
          },
          {
            "name": "orta-yesil",
            "relativePosition": { "x": 0.43, "y": 0.5 },
            "expectedColor": { "r": 0, "g": 255, "b": 0 },
            "description": "Yeşil Bar"
          },
          {
            "name": "sag-mavi",
            "relativePosition": { "x": 0.81, "y": 0.5 },
            "expectedColor": { "r": 0, "g": 0, "b": 255 },
            "description": "Mavi Bar"
          },
          {
            "name": "center-logo",
            "relativePosition": { "x": 0.5, "y": 0.48 },
            "expectedColor": { "r": 200, "g": 200, "b": 200 },
            "description": "Merkez Logo"
          }
        ]
      },
      "usb": {
        "name": "USB Yayınlar",
        "description": "Logo ve Siyah Ekran Kontrolü",
        "checkPoints": [
          {
            "name": "ust-siyah",
            "relativePosition": { "x": 0.5, "y": 0.25 },
            "expectedColor": { "r": 0, "g": 0, "b": 0 },
            "description": "Üst Siyah Alan"
          },
          {
            "name": "center-logo",
            "relativePosition": { "x": 0.5, "y": 0.5 },
            "expectedColor": { "r": 200, "g": 200, "b": 200 },
            "description": "Orta Logo (Loading)"
          },
          {
            "name": "alt-siyah",
            "relativePosition": { "x": 0.5, "y": 0.75 },
            "expectedColor": { "r": 0, "g": 0, "b": 0 },
            "description": "Alt Siyah Alan"
          }
        ]
      }
    },
    "tolerance": 5,
    "minimumMatchCount": 3,
    "blackScreenThreshold": {
      "maxRGB": 40,
      "description": "Siyah ekran kabul eşiği"
    }
  }
}
