{
  "machines": [
    {
      "machineId": 1,
      "machineName": "ap-cle-bg-131",
      "streams": [
        {
          "streamId": 1,
          "streamName": "Yayın 1",
          "url": "https://webrtc-1.neue7.com:5443/LiveApp/play.html?id=ap-cle-bg-131-stream-01",
          "type": "rectangle",
          "enabled": true
        },
        {
          "streamId": 2,
          "streamName": "Yayın 2",
          "url": "https://webrtc-1.neue7.com:5443/LiveApp/play.html?id=ap-cle-bg-131-stream-02",
          "type": "rectangle",
          "enabled": true
        },
        {
          "streamId": 3,
          "streamName": "Yayın 3 (USB)",
          "url": "https://webrtc-1.neue7.com:5443/LiveApp/play.html?id=ap-cle-bg-131-stream-03",
          "type": "usb",
          "enabled": true
        }
      ]
    },
    {
      "machineId": 2,
      "machineName": "ap-cle-bg-137",
      "streams": [
        {
          "streamId": 1,
          "streamName": "Yayın 1",
          "url": "https://webrtc-1.neue7.com:5443/LiveApp/play.html?id=ap-cle-bg-137-stream-01",
          "type": "rectangle",
          "enabled": true
        },
        {
          "streamId": 2,
          "streamName": "Yayın 2",
          "url": "https://webrtc-1.neue7.com:5443/LiveApp/play.html?id=ap-cle-bg-137-stream-02",
          "type": "rectangle",
          "enabled": true
        },
        {
          "streamId": 3,
          "streamName": "Yayın 3 (USB)",
          "url": "https://webrtc-1.neue7.com:5443/LiveApp/play.html?id=ap-cle-bg-137-stream-03",
          "type": "usb",
          "enabled": true
        }
      ]
    },
    {
      "machineId": 3,
      "machineName": "ap-cle-bg-139",
      "streams": [
        {
          "streamId": 1,
          "streamName": "Yayın 1",
          "url": "https://webrtc-1.neue7.com:5443/LiveApp/play.html?id=ap-cle-bg-139-stream-01",
          "type": "rectangle",
          "enabled": true
        },
        {
          "streamId": 2,
          "streamName": "Yayın 2",
          "url": "https://webrtc-1.neue7.com:5443/LiveApp/play.html?id=ap-cle-bg-139-stream-02",
          "type": "rectangle",
          "enabled": true
        },
        {
          "streamId": 3,
          "streamName": "Yayın 3 (USB)",
          "url": "https://webrtc-1.neue7.com:5443/LiveApp/play.html?id=ap-cle-bg-139-stream-03",
          "type": "usb",
          "enabled": true
        }
      ]
    },
    {
      "machineId": 4,
      "machineName": "ap-cle-bg-150",
      "streams": [
        {
          "streamId": 1,
          "streamName": "Yayın 1",
          "url": "https://webrtc-1.neue7.com:5443/LiveApp/play.html?id=ap-cle-bg-150-stream-01",
          "type": "rectangle",
          "enabled": true
        },
        {
          "streamId": 2,
          "streamName": "Yayın 2",
          "url": "https://webrtc-1.neue7.com:5443/LiveApp/play.html?id=ap-cle-bg-150-stream-02",
          "type": "rectangle",
          "enabled": true
        },
        {
          "streamId": 3,
          "streamName": "Yayın 3 (USB)",
          "url": "https://webrtc-1.neue7.com:5443/LiveApp/play.html?id=ap-cle-bg-150-stream-03",
          "type": "usb",
          "enabled": true
        }
      ]
    },
    {
      "machineId": 5,
      "machineName": "ap-cle-bg-153",
      "streams": [
        {
          "streamId": 1,
          "streamName": "Yayın 1",
          "url": "https://webrtc-1.neue7.com:5443/LiveApp/play.html?id=ap-cle-bg-153-stream-01",
          "type": "rectangle",
          "enabled": true
        },
        {
          "streamId": 2,
          "streamName": "Yayın 2",
          "url": "https://webrtc-1.neue7.com:5443/LiveApp/play.html?id=ap-cle-bg-153-stream-02",
          "type": "rectangle",
          "enabled": true
        },
        {
          "streamId": 3,
          "streamName": "Yayın 3 (USB)",
          "url": "https://webrtc-1.neue7.com:5443/LiveApp/play.html?id=ap-cle-bg-153-stream-03",
          "type": "usb",
          "enabled": true
        }
      ]
    },
    {
      "machineId": 6,
      "machineName": "ap-cle-bg-156",
      "streams": [
        {
          "streamId": 1,
          "streamName": "Yayın 1",
          "url": "https://webrtc-1.neue7.com:5443/LiveApp/play.html?id=ap-cle-bg-156-stream-01",
          "type": "rectangle",
          "enabled": true
        },
        {
          "streamId": 2,
          "streamName": "Yayın 2",
          "url": "https://webrtc-1.neue7.com:5443/LiveApp/play.html?id=ap-cle-bg-156-stream-02",
          "type": "rectangle",
          "enabled": true
        },
        {
          "streamId": 3,
          "streamName": "Yayın 3 (USB)",
          "url": "https://webrtc-1.neue7.com:5443/LiveApp/play.html?id=ap-cle-bg-156-stream-03",
          "type": "usb",
          "enabled": true
        }
      ]
    },
    {
      "machineId": 7,
      "machineName": "ap-cle-bg-157",
      "streams": [
        {
          "streamId": 1,
          "streamName": "Yayın 1",
          "url": "https://webrtc-1.neue7.com:5443/LiveApp/play.html?id=ap-cle-bg-157-stream-01",
          "type": "rectangle",
          "enabled": true
        },
        {
          "streamId": 2,
          "streamName": "Yayın 2",
          "url": "https://webrtc-1.neue7.com:5443/LiveApp/play.html?id=ap-cle-bg-157-stream-02",
          "type": "rectangle",
          "enabled": true
        },
        {
          "streamId": 3,
          "streamName": "Yayın 3 (USB)",
          "url": "https://webrtc-1.neue7.com:5443/LiveApp/play.html?id=ap-cle-bg-157-stream-03",
          "type": "usb",
          "enabled": true
        }
      ]
    },
    {
      "machineId": 8,
      "machineName": "ap-cle-bg-164",
      "streams": [
        {
          "streamId": 1,
          "streamName": "Yayın 1",
          "url": "https://webrtc-1.neue7.com:5443/LiveApp/play.html?id=ap-cle-bg-164-stream-01",
          "type": "rectangle",
          "enabled": true
        },
        {
          "streamId": 2,
          "streamName": "Yayın 2",
          "url": "https://webrtc-1.neue7.com:5443/LiveApp/play.html?id=ap-cle-bg-164-stream-02",
          "type": "rectangle",
          "enabled": true
        },
        {
          "streamId": 3,
          "streamName": "Yayın 3 (USB)",
          "url": "https://webrtc-1.neue7.com:5443/LiveApp/play.html?id=ap-cle-bg-164-stream-03",
          "type": "usb",
          "enabled": true
        }
      ]
    },
    {
      "machineId": 9,
      "machineName": "ap-cle-bg-167",
      "streams": [
        {
          "streamId": 1,
          "streamName": "Yayın 1",
          "url": "https://webrtc-1.neue7.com:5443/LiveApp/play.html?id=ap-cle-bg-167-stream-01",
          "type": "rectangle",
          "enabled": true
        },
        {
          "streamId": 2,
          "streamName": "Yayın 2",
          "url": "https://webrtc-1.neue7.com:5443/LiveApp/play.html?id=ap-cle-bg-167-stream-02",
          "type": "rectangle",
          "enabled": true
        },
        {
          "streamId": 3,
          "streamName": "Yayın 3 (USB)",
          "url": "https://webrtc-1.neue7.com:5443/LiveApp/play.html?id=ap-cle-bg-167-stream-03",
          "type": "usb",
          "enabled": true
        }
      ]
    },
    {
      "machineId": 10,
      "machineName": "ap-cle-bg-171",
      "streams": [
        {
          "streamId": 1,
          "streamName": "Yayın 1",
          "url": "https://webrtc-1.neue7.com:5443/LiveApp/play.html?id=ap-cle-bg-171-stream-01",
          "type": "rectangle",
          "enabled": true
        },
        {
          "streamId": 2,
          "streamName": "Yayın 2",
          "url": "https://webrtc-1.neue7.com:5443/LiveApp/play.html?id=ap-cle-bg-171-stream-02",
          "type": "rectangle",
          "enabled": true
        },
        {
          "streamId": 3,
          "streamName": "Yayın 3 (USB)",
          "url": "https://webrtc-1.neue7.com:5443/LiveApp/play.html?id=ap-cle-bg-171-stream-03",
          "type": "usb",
          "enabled": true
        }
      ]
    },
    {
      "machineId": 11,
      "machineName": "ap-clx-bg-133",
      "streams": [
        {
          "streamId": 1,
          "streamName": "Yayın 1",
          "url": "https://webrtc-1.neue7.com:5443/LiveApp/play.html?id=ap-clx-bg-133-stream-01",
          "type": "rectangle",
          "enabled": true
        },
        {
          "streamId": 2,
          "streamName": "Yayın 2",
          "url": "https://webrtc-1.neue7.com:5443/LiveApp/play.html?id=ap-clx-bg-133-stream-02",
          "type": "rectangle",
          "enabled": true
        },
        {
          "streamId": 3,
          "streamName": "Yayın 3 (USB)",
          "url": "https://webrtc-1.neue7.com:5443/LiveApp/play.html?id=ap-clx-bg-133-stream-03",
          "type": "usb",
          "enabled": true
        }
      ]
    },
    {
      "machineId": 12,
      "machineName": "ap-clx-bg-142",
      "streams": [
        {
          "streamId": 1,
          "streamName": "Yayın 1",
          "url": "https://webrtc-1.neue7.com:5443/LiveApp/play.html?id=ap-clx-bg-142-stream-01",
          "type": "rectangle",
          "enabled": true
        },
        {
          "streamId": 2,
          "streamName": "Yayın 2",
          "url": "https://webrtc-1.neue7.com:5443/LiveApp/play.html?id=ap-clx-bg-142-stream-02",
          "type": "rectangle",
          "enabled": true
        },
        {
          "streamId": 3,
          "streamName": "Yayın 3 (USB)",
          "url": "https://webrtc-1.neue7.com:5443/LiveApp/play.html?id=ap-clx-bg-142-stream-03",
          "type": "usb",
          "enabled": true
        }
      ]
    },
    {
      "machineId": 13,
      "machineName": "ap-clx-bg-145",
      "streams": [
        {
          "streamId": 1,
          "streamName": "Yayın 1",
          "url": "https://webrtc-1.neue7.com:5443/LiveApp/play.html?id=ap-clx-bg-145-stream-01",
          "type": "rectangle",
          "enabled": true
        },
        {
          "streamId": 2,
          "streamName": "Yayın 2",
          "url": "https://webrtc-1.neue7.com:5443/LiveApp/play.html?id=ap-clx-bg-145-stream-02",
          "type": "rectangle",
          "enabled": true
        },
        {
          "streamId": 3,
          "streamName": "Yayın 3 (USB)",
          "url": "https://webrtc-1.neue7.com:5443/LiveApp/play.html?id=ap-clx-bg-145-stream-03",
          "type": "usb",
          "enabled": true
        }
      ]
    },
    {
      "machineId": 14,
      "machineName": "ap-clx-bg-146",
      "streams": [
        {
          "streamId": 1,
          "streamName": "Yayın 1",
          "url": "https://webrtc-1.neue7.com:5443/LiveApp/play.html?id=ap-clx-bg-146-stream-01",
          "type": "rectangle",
          "enabled": true
        },
        {
          "streamId": 2,
          "streamName": "Yayın 2",
          "url": "https://webrtc-1.neue7.com:5443/LiveApp/play.html?id=ap-clx-bg-146-stream-02",
          "type": "rectangle",
          "enabled": true
        },
        {
          "streamId": 3,
          "streamName": "Yayın 3 (USB)",
          "url": "https://webrtc-1.neue7.com:5443/LiveApp/play.html?id=ap-clx-bg-146-stream-03",
          "type": "usb",
          "enabled": true
        }
      ]
    },
    {
      "machineId": 15,
      "machineName": "ap-clx-bg-149",
      "streams": [
        {
          "streamId": 1,
          "streamName": "Yayın 1",
          "url": "https://webrtc-1.neue7.com:5443/LiveApp/play.html?id=ap-clx-bg-149-stream-01",
          "type": "rectangle",
          "enabled": true
        },
        {
          "streamId": 2,
          "streamName": "Yayın 2",
          "url": "https://webrtc-1.neue7.com:5443/LiveApp/play.html?id=ap-clx-bg-149-stream-02",
          "type": "rectangle",
          "enabled": true
        },
        {
          "streamId": 3,
          "streamName": "Yayın 3 (USB)",
          "url": "https://webrtc-1.neue7.com:5443/LiveApp/play.html?id=ap-clx-bg-149-stream-03",
          "type": "usb",
          "enabled": true
        }
      ]
    },
    {
      "machineId": 16,
      "machineName": "ap-clx-bg-152",
      "streams": [
        {
          "streamId": 1,
          "streamName": "Yayın 1",
          "url": "https://webrtc-1.neue7.com:5443/LiveApp/play.html?id=ap-clx-bg-152-stream-01",
          "type": "rectangle",
          "enabled": true
        },
        {
          "streamId": 2,
          "streamName": "Yayın 2",
          "url": "https://webrtc-1.neue7.com:5443/LiveApp/play.html?id=ap-clx-bg-152-stream-02",
          "type": "rectangle",
          "enabled": true
        },
        {
          "streamId": 3,
          "streamName": "Yayın 3 (USB)",
          "url": "https://webrtc-1.neue7.com:5443/LiveApp/play.html?id=ap-clx-bg-152-stream-03",
          "type": "usb",
          "enabled": true
        }
      ]
    },
    {
      "machineId": 17,
      "machineName": "ap-clx-bg-168",
      "streams": [
        {
          "streamId": 1,
          "streamName": "Yayın 1",
          "url": "https://webrtc-1.neue7.com:5443/LiveApp/play.html?id=ap-clx-bg-168-stream-01",
          "type": "rectangle",
          "enabled": true
        },
        {
          "streamId": 2,
          "streamName": "Yayın 2",
          "url": "https://webrtc-1.neue7.com:5443/LiveApp/play.html?id=ap-clx-bg-168-stream-02",
          "type": "rectangle",
          "enabled": true
        },
        {
          "streamId": 3,
          "streamName": "Yayın 3 (USB)",
          "url": "https://webrtc-1.neue7.com:5443/LiveApp/play.html?id=ap-clx-bg-168-stream-03",
          "type": "usb",
          "enabled": true
        }
      ]
    },
    {
      "machineId": 18,
      "machineName": "ap-clx-bg-170",
      "streams": [
        {
          "streamId": 1,
          "streamName": "Yayın 1",
          "url": "https://webrtc-1.neue7.com:5443/LiveApp/play.html?id=ap-clx-bg-170-stream-01",
          "type": "rectangle",
          "enabled": true
        },
        {
          "streamId": 2,
          "streamName": "Yayın 2",
          "url": "https://webrtc-1.neue7.com:5443/LiveApp/play.html?id=ap-clx-bg-170-stream-02",
          "type": "rectangle",
          "enabled": true
        },
        {
          "streamId": 3,
          "streamName": "Yayın 3 (USB)",
          "url": "https://webrtc-1.neue7.com:5443/LiveApp/play.html?id=ap-clx-bg-170-stream-03",
          "type": "usb",
          "enabled": true
        }
      ]
    },
    {
      "machineId": 19,
      "machineName": "ap-clx-bg-182",
      "streams": [
        {
          "streamId": 1,
          "streamName": "Yayın 1",
          "url": "https://webrtc-1.neue7.com:5443/LiveApp/play.html?id=ap-clx-bg-182-stream-01",
          "type": "rectangle",
          "enabled": true
        },
        {
          "streamId": 2,
          "streamName": "Yayın 2",
          "url": "https://webrtc-1.neue7.com:5443/LiveApp/play.html?id=ap-clx-bg-182-stream-02",
          "type": "rectangle",
          "enabled": true
        },
        {
          "streamId": 3,
          "streamName": "Yayın 3 (USB)",
          "url": "https://webrtc-1.neue7.com:5443/LiveApp/play.html?id=ap-clx-bg-182-stream-03",
          "type": "usb",
          "enabled": true
        }
      ]
    },
    {
      "machineId": 20,
      "machineName": "ap-clx-bg-183",
      "streams": [
        {
          "streamId": 1,
          "streamName": "Yayın 1",
          "url": "https://webrtc-1.neue7.com:5443/LiveApp/play.html?id=ap-clx-bg-183-stream-01",
          "type": "rectangle",
          "enabled": true
        },
        {
          "streamId": 2,
          "streamName": "Yayın 2",
          "url": "https://webrtc-1.neue7.com:5443/LiveApp/play.html?id=ap-clx-bg-183-stream-02",
          "type": "rectangle",
          "enabled": true
        },
        {
          "streamId": 3,
          "streamName": "Yayın 3 (USB)",
          "url": "https://webrtc-1.neue7.com:5443/LiveApp/play.html?id=ap-clx-bg-183-stream-03",
          "type": "usb",
          "enabled": true
        }
      ]
    },
    {
      "machineId": 21,
      "machineName": "ap-clx-ge-67",
      "streams": [
        {
          "streamId": 1,
          "streamName": "Yayın 1",
          "url": "https://webrtc-1.neue7.com:5443/LiveApp/play.html?id=ap-clx-ge-67-stream-01",
          "type": "rectangle",
          "enabled": true
        }
      ]
    },
    {
      "machineId": 22,
      "machineName": "eg-bl1-bg-98",
      "streams": [
        {
          "streamId": 1,
          "streamName": "Yayın 1",
          "url": "https://webrtc-1.neue7.com:5443/LiveApp/play.html?id=eg-bl1-bg-98-stream-01",
          "type": "rectangle",
          "enabled": true
        },
        {
          "streamId": 2,
          "streamName": "Yayın 2",
          "url": "https://webrtc-1.neue7.com:5443/LiveApp/play.html?id=eg-bl1-bg-98-stream-02",
          "type": "rectangle",
          "enabled": true
        },
        {
          "streamId": 3,
          "streamName": "Yayın 3 (USB)",
          "url": "https://webrtc-1.neue7.com:5443/LiveApp/play.html?id=eg-bl1-bg-98-stream-03",
          "type": "usb",
          "enabled": true
        }
      ]
    },
    {
      "machineId": 23,
      "machineName": "eg-bl1-bg-135",
      "streams": [
        {
          "streamId": 1,
          "streamName": "Yayın 1",
          "url": "https://webrtc-1.neue7.com:5443/LiveApp/play.html?id=eg-bl1-bg-135-stream-01",
          "type": "rectangle",
          "enabled": true
        },
        {
          "streamId": 2,
          "streamName": "Yayın 2",
          "url": "https://webrtc-1.neue7.com:5443/LiveApp/play.html?id=eg-bl1-bg-135-stream-02",
          "type": "rectangle",
          "enabled": true
        },
        {
          "streamId": 3,
          "streamName": "Yayın 3 (USB)",
          "url": "https://webrtc-1.neue7.com:5443/LiveApp/play.html?id=eg-bl1-bg-135-stream-03",
          "type": "usb",
          "enabled": true
        }
      ]
    },
    {
      "machineId": 24,
      "machineName": "eg-bl1-bg-136",
      "streams": [
        {
          "streamId": 1,
          "streamName": "Yayın 1",
          "url": "https://webrtc-1.neue7.com:5443/LiveApp/play.html?id=eg-bl1-bg-136-stream-01",
          "type": "rectangle",
          "enabled": true
        },
        {
          "streamId": 2,
          "streamName": "Yayın 2",
          "url": "https://webrtc-1.neue7.com:5443/LiveApp/play.html?id=eg-bl1-bg-136-stream-02",
          "type": "rectangle",
          "enabled": true
        },
        {
          "streamId": 3,
          "streamName": "Yayın 3 (USB)",
          "url": "https://webrtc-1.neue7.com:5443/LiveApp/play.html?id=eg-bl1-bg-136-stream-03",
          "type": "usb",
          "enabled": true
        }
      ]
    },
    {
      "machineId": 25,
      "machineName": "eg-bl1-bg-138",
      "streams": [
        {
          "streamId": 1,
          "streamName": "Yayın 1",
          "url": "https://webrtc-1.neue7.com:5443/LiveApp/play.html?id=eg-bl1-bg-138-stream-01",
          "type": "rectangle",
          "enabled": true
        },
        {
          "streamId": 2,
          "streamName": "Yayın 2",
          "url": "https://webrtc-1.neue7.com:5443/LiveApp/play.html?id=eg-bl1-bg-138-stream-02",
          "type": "rectangle",
          "enabled": true
        },
        {
          "streamId": 3,
          "streamName": "Yayın 3 (USB)",
          "url": "https://webrtc-1.neue7.com:5443/LiveApp/play.html?id=eg-bl1-bg-138-stream-03",
          "type": "usb",
          "enabled": true
        }
      ]
    },
    {
      "machineId": 26,
      "machineName": "eg-bl1-bg-140",
      "streams": [
        {
          "streamId": 1,
          "streamName": "Yayın 1",
          "url": "https://webrtc-1.neue7.com:5443/LiveApp/play.html?id=eg-bl1-bg-140-stream-01",
          "type": "rectangle",
          "enabled": true
        },
        {
          "streamId": 2,
          "streamName": "Yayın 2",
          "url": "https://webrtc-1.neue7.com:5443/LiveApp/play.html?id=eg-bl1-bg-140-stream-02",
          "type": "rectangle",
          "enabled": true
        },
        {
          "streamId": 3,
          "streamName": "Yayın 3 (USB)",
          "url": "https://webrtc-1.neue7.com:5443/LiveApp/play.html?id=eg-bl1-bg-140-stream-03",
          "type": "usb",
          "enabled": true
        }
      ]
    },
    {
      "machineId": 27,
      "machineName": "eg-bl1-bg-143",
      "streams": [
        {
          "streamId": 1,
          "streamName": "Yayın 1",
          "url": "https://webrtc-1.neue7.com:5443/LiveApp/play.html?id=eg-bl1-bg-143-stream-01",
          "type": "rectangle",
          "enabled": true
        },
        {
          "streamId": 2,
          "streamName": "Yayın 2",
          "url": "https://webrtc-1.neue7.com:5443/LiveApp/play.html?id=eg-bl1-bg-143-stream-02",
          "type": "rectangle",
          "enabled": true
        },
        {
          "streamId": 3,
          "streamName": "Yayın 3 (USB)",
          "url": "https://webrtc-1.neue7.com:5443/LiveApp/play.html?id=eg-bl1-bg-143-stream-03",
          "type": "usb",
          "enabled": true
        }
      ]
    },
    {
      "machineId": 28,
      "machineName": "eg-bl1-bg-147",
      "streams": [
        {
          "streamId": 1,
          "streamName": "Yayın 1",
          "url": "https://webrtc-1.neue7.com:5443/LiveApp/play.html?id=eg-bl1-bg-147-stream-01",
          "type": "rectangle",
          "enabled": true
        },
        {
          "streamId": 2,
          "streamName": "Yayın 2",
          "url": "https://webrtc-1.neue7.com:5443/LiveApp/play.html?id=eg-bl1-bg-147-stream-02",
          "type": "rectangle",
          "enabled": true
        },
        {
          "streamId": 3,
          "streamName": "Yayın 3 (USB)",
          "url": "https://webrtc-1.neue7.com:5443/LiveApp/play.html?id=eg-bl1-bg-147-stream-03",
          "type": "usb",
          "enabled": true
        }
      ]
    },
    {
      "machineId": 29,
      "machineName": "eg-bl1-bg-151",
      "streams": [
        {
          "streamId": 1,
          "streamName": "Yayın 1",
          "url": "https://webrtc-1.neue7.com:5443/LiveApp/play.html?id=eg-bl1-bg-151-stream-01",
          "type": "rectangle",
          "enabled": true
        },
        {
          "streamId": 2,
          "streamName": "Yayın 2",
          "url": "https://webrtc-1.neue7.com:5443/LiveApp/play.html?id=eg-bl1-bg-151-stream-02",
          "type": "rectangle",
          "enabled": true
        },
        {
          "streamId": 3,
          "streamName": "Yayın 3 (USB)",
          "url": "https://webrtc-1.neue7.com:5443/LiveApp/play.html?id=eg-bl1-bg-151-stream-03",
          "type": "usb",
          "enabled": true
        }
      ]
    },
    {
      "machineId": 30,
      "machineName": "eg-bl1-bg-154",
      "streams": [
        {
          "streamId": 1,
          "streamName": "Yayın 1",
          "url": "https://webrtc-1.neue7.com:5443/LiveApp/play.html?id=eg-bl1-bg-154-stream-01",
          "type": "rectangle",
          "enabled": true
        },
        {
          "streamId": 2,
          "streamName": "Yayın 2",
          "url": "https://webrtc-1.neue7.com:5443/LiveApp/play.html?id=eg-bl1-bg-154-stream-02",
          "type": "rectangle",
          "enabled": true
        },
        {
          "streamId": 3,
          "streamName": "Yayın 3 (USB)",
          "url": "https://webrtc-1.neue7.com:5443/LiveApp/play.html?id=eg-bl1-bg-154-stream-03",
          "type": "usb",
          "enabled": true
        }
      ]
    },
    {
      "machineId": 31,
      "machineName": "eg-bl1-bg-158",
      "streams": [
        {
          "streamId": 1,
          "streamName": "Yayın 1",
          "url": "https://webrtc-1.neue7.com:5443/LiveApp/play.html?id=eg-bl1-bg-158-stream-01",
          "type": "rectangle",
          "enabled": true
        },
        {
          "streamId": 2,
          "streamName": "Yayın 2",
          "url": "https://webrtc-1.neue7.com:5443/LiveApp/play.html?id=eg-bl1-bg-158-stream-02",
          "type": "rectangle",
          "enabled": true
        },
        {
          "streamId": 3,
          "streamName": "Yayın 3 (USB)",
          "url": "https://webrtc-1.neue7.com:5443/LiveApp/play.html?id=eg-bl1-bg-158-stream-03",
          "type": "usb",
          "enabled": true
        }
      ]
    },
    {
      "machineId": 32,
      "machineName": "eg-bl1-bg-160",
      "streams": [
        {
          "streamId": 1,
          "streamName": "Yayın 1",
          "url": "https://webrtc-1.neue7.com:5443/LiveApp/play.html?id=eg-bl1-bg-160-stream-01",
          "type": "rectangle",
          "enabled": true
        },
        {
          "streamId": 2,
          "streamName": "Yayın 2",
          "url": "https://webrtc-1.neue7.com:5443/LiveApp/play.html?id=eg-bl1-bg-160-stream-02",
          "type": "rectangle",
          "enabled": true
        },
        {
          "streamId": 3,
          "streamName": "Yayın 3 (USB)",
          "url": "https://webrtc-1.neue7.com:5443/LiveApp/play.html?id=eg-bl1-bg-160-stream-03",
          "type": "usb",
          "enabled": true
        }
      ]
    },
    {
      "machineId": 33,
      "machineName": "eg-bl1-bg-172",
      "streams": [
        {
          "streamId": 1,
          "streamName": "Yayın 1",
          "url": "https://webrtc-1.neue7.com:5443/LiveApp/play.html?id=eg-bl1-bg-172-stream-01",
          "type": "rectangle",
          "enabled": true
        },
        {
          "streamId": 2,
          "streamName": "Yayın 2",
          "url": "https://webrtc-1.neue7.com:5443/LiveApp/play.html?id=eg-bl1-bg-172-stream-02",
          "type": "rectangle",
          "enabled": true
        },
        {
          "streamId": 3,
          "streamName": "Yayın 3 (USB)",
          "url": "https://webrtc-1.neue7.com:5443/LiveApp/play.html?id=eg-bl1-bg-172-stream-03",
          "type": "usb",
          "enabled": true
        }
      ]
    },
    {
      "machineId": 34,
      "machineName": "eg-bl1-bg-173",
      "streams": [
        {
          "streamId": 1,
          "streamName": "Yayın 1",
          "url": "https://webrtc-1.neue7.com:5443/LiveApp/play.html?id=eg-bl1-bg-173-stream-01",
          "type": "rectangle",
          "enabled": true
        },
        {
          "streamId": 2,
          "streamName": "Yayın 2",
          "url": "https://webrtc-1.neue7.com:5443/LiveApp/play.html?id=eg-bl1-bg-173-stream-02",
          "type": "rectangle",
          "enabled": true
        },
        {
          "streamId": 3,
          "streamName": "Yayın 3 (USB)",
          "url": "https://webrtc-1.neue7.com:5443/LiveApp/play.html?id=eg-bl1-bg-173-stream-03",
          "type": "usb",
          "enabled": true
        }
      ]
    },
    {
      "machineId": 35,
      "machineName": "eg-bl1-bg-176",
      "streams": [
        {
          "streamId": 1,
          "streamName": "Yayın 1",
          "url": "https://webrtc-1.neue7.com:5443/LiveApp/play.html?id=eg-bl1-bg-176-stream-01",
          "type": "rectangle",
          "enabled": true
        },
        {
          "streamId": 2,
          "streamName": "Yayın 2",
          "url": "https://webrtc-1.neue7.com:5443/LiveApp/play.html?id=eg-bl1-bg-176-stream-02",
          "type": "rectangle",
          "enabled": true
        },
        {
          "streamId": 3,
          "streamName": "Yayın 3 (USB)",
          "url": "https://webrtc-1.neue7.com:5443/LiveApp/play.html?id=eg-bl1-bg-176-stream-03",
          "type": "usb",
          "enabled": true
        }
      ]
    },
    {
      "machineId": 36,
      "machineName": "eg-bl1-bg-177",
      "streams": [
        {
          "streamId": 1,
          "streamName": "Yayın 1",
          "url": "https://webrtc-1.neue7.com:5443/LiveApp/play.html?id=eg-bl1-bg-177-stream-01",
          "type": "rectangle",
          "enabled": true
        },
        {
          "streamId": 2,
          "streamName": "Yayın 2",
          "url": "https://webrtc-1.neue7.com:5443/LiveApp/play.html?id=eg-bl1-bg-177-stream-02",
          "type": "rectangle",
          "enabled": true
        },
        {
          "streamId": 3,
          "streamName": "Yayın 3 (USB)",
          "url": "https://webrtc-1.neue7.com:5443/LiveApp/play.html?id=eg-bl1-bg-177-stream-03",
          "type": "usb",
          "enabled": true
        }
      ]
    },
    {
      "machineId": 37,
      "machineName": "eg-bl1-bg-178",
      "streams": [
        {
          "streamId": 1,
          "streamName": "Yayın 1",
          "url": "https://webrtc-1.neue7.com:5443/LiveApp/play.html?id=eg-bl1-bg-178-stream-01",
          "type": "rectangle",
          "enabled": true
        },
        {
          "streamId": 2,
          "streamName": "Yayın 2",
          "url": "https://webrtc-1.neue7.com:5443/LiveApp/play.html?id=eg-bl1-bg-178-stream-02",
          "type": "rectangle",
          "enabled": true
        },
        {
          "streamId": 3,
          "streamName": "Yayın 3 (USB)",
          "url": "https://webrtc-1.neue7.com:5443/LiveApp/play.html?id=eg-bl1-bg-178-stream-03",
          "type": "usb",
          "enabled": true
        }
      ]
    },
    {
      "machineId": 38,
      "machineName": "eg-bl1-bg-179",
      "streams": [
        {
          "streamId": 1,
          "streamName": "Yayın 1",
          "url": "https://webrtc-1.neue7.com:5443/LiveApp/play.html?id=eg-bl1-bg-179-stream-01",
          "type": "rectangle",
          "enabled": true
        },
        {
          "streamId": 2,
          "streamName": "Yayın 2",
          "url": "https://webrtc-1.neue7.com:5443/LiveApp/play.html?id=eg-bl1-bg-179-stream-02",
          "type": "rectangle",
          "enabled": true
        },
        {
          "streamId": 3,
          "streamName": "Yayın 3 (USB)",
          "url": "https://webrtc-1.neue7.com:5443/LiveApp/play.html?id=eg-bl1-bg-179-stream-03",
          "type": "usb",
          "enabled": true
        }
      ]
    },
    {
      "machineId": 39,
      "machineName": "eg-bl1-bg-180",
      "streams": [
        {
          "streamId": 1,
          "streamName": "Yayın 1",
          "url": "https://webrtc-1.neue7.com:5443/LiveApp/play.html?id=eg-bl1-bg-180-stream-01",
          "type": "rectangle",
          "enabled": true
        },
        {
          "streamId": 2,
          "streamName": "Yayın 2",
          "url": "https://webrtc-1.neue7.com:5443/LiveApp/play.html?id=eg-bl1-bg-180-stream-02",
          "type": "rectangle",
          "enabled": true
        },
        {
          "streamId": 3,
          "streamName": "Yayın 3 (USB)",
          "url": "https://webrtc-1.neue7.com:5443/LiveApp/play.html?id=eg-bl1-bg-180-stream-03",
          "type": "usb",
          "enabled": true
        }
      ]
    },
    {
      "machineId": 40,
      "machineName": "eg-bl1-bg-184",
      "streams": [
        {
          "streamId": 1,
          "streamName": "Yayın 1",
          "url": "https://webrtc-1.neue7.com:5443/LiveApp/play.html?id=eg-bl1-bg-184-stream-01",
          "type": "rectangle",
          "enabled": true
        },
        {
          "streamId": 2,
          "streamName": "Yayın 2",
          "url": "https://webrtc-1.neue7.com:5443/LiveApp/play.html?id=eg-bl1-bg-184-stream-02",
          "type": "rectangle",
          "enabled": true
        },
        {
          "streamId": 3,
          "streamName": "Yayın 3 (USB)",
          "url": "https://webrtc-1.neue7.com:5443/LiveApp/play.html?id=eg-bl1-bg-184-stream-03",
          "type": "usb",
          "enabled": true
        }
      ]
    },
    {
      "machineId": 41,
      "machineName": "eg-bl1-bg-200",
      "streams": [
        {
          "streamId": 1,
          "streamName": "Yayın 1",
          "url": "https://webrtc-1.neue7.com:5443/LiveApp/play.html?id=eg-bl1-bg-200-stream-01",
          "type": "rectangle",
          "enabled": true
        },
        {
          "streamId": 2,
          "streamName": "Yayın 2",
          "url": "https://webrtc-1.neue7.com:5443/LiveApp/play.html?id=eg-bl1-bg-200-stream-02",
          "type": "rectangle",
          "enabled": true
        },
        {
          "streamId": 3,
          "streamName": "Yayın 3 (USB)",
          "url": "https://webrtc-1.neue7.com:5443/LiveApp/play.html?id=eg-bl1-bg-200-stream-03",
          "type": "usb",
          "enabled": true
        }
      ]
    },
    {
      "machineId": 42,
      "machineName": "eg-frg-bg-155",
      "streams": [
        {
          "streamId": 1,
          "streamName": "Yayın 1",
          "url": "https://webrtc-1.neue7.com:5443/LiveApp/play.html?id=eg-frg-bg-155-stream-01",
          "type": "rectangle",
          "enabled": true
        },
        {
          "streamId": 2,
          "streamName": "Yayın 2",
          "url": "https://webrtc-1.neue7.com:5443/LiveApp/play.html?id=eg-frg-bg-155-stream-02",
          "type": "rectangle",
          "enabled": true
        },
        {
          "streamId": 3,
          "streamName": "Yayın 3 (USB)",
          "url": "https://webrtc-1.neue7.com:5443/LiveApp/play.html?id=eg-frg-bg-155-stream-03",
          "type": "usb",
          "enabled": true
        }
      ]
    },
    {
      "machineId": 43,
      "machineName": "eg-frg-bg-163",
      "streams": [
        {
          "streamId": 1,
          "streamName": "Yayın 1",
          "url": "https://webrtc-1.neue7.com:5443/LiveApp/play.html?id=eg-frg-bg-163-stream-01",
          "type": "rectangle",
          "enabled": true
        },
        {
          "streamId": 2,
          "streamName": "Yayın 2",
          "url": "https://webrtc-1.neue7.com:5443/LiveApp/play.html?id=eg-frg-bg-163-stream-02",
          "type": "rectangle",
          "enabled": true
        },
        {
          "streamId": 3,
          "streamName": "Yayın 3 (USB)",
          "url": "https://webrtc-1.neue7.com:5443/LiveApp/play.html?id=eg-frg-bg-163-stream-03",
          "type": "usb",
          "enabled": true
        }
      ]
    },
    {
      "machineId": 44,
      "machineName": "eg-frg-bg-166",
      "streams": [
        {
          "streamId": 1,
          "streamName": "Yayın 1",
          "url": "https://webrtc-1.neue7.com:5443/LiveApp/play.html?id=eg-frg-bg-166-stream-01",
          "type": "rectangle",
          "enabled": true
        },
        {
          "streamId": 2,
          "streamName": "Yayın 2",
          "url": "https://webrtc-1.neue7.com:5443/LiveApp/play.html?id=eg-frg-bg-166-stream-02",
          "type": "rectangle",
          "enabled": true
        },
        {
          "streamId": 3,
          "streamName": "Yayın 3 (USB)",
          "url": "https://webrtc-1.neue7.com:5443/LiveApp/play.html?id=eg-frg-bg-166-stream-03",
          "type": "usb",
          "enabled": true
        }
      ]
    },
    {
      "machineId": 45,
      "machineName": "eg-gc-bg-132",
      "streams": [
        {
          "streamId": 1,
          "streamName": "Yayın 1",
          "url": "https://webrtc-1.neue7.com:5443/LiveApp/play.html?id=eg-gc-bg-132-stream-01",
          "type": "rectangle",
          "enabled": true
        },
        {
          "streamId": 2,
          "streamName": "Yayın 2",
          "url": "https://webrtc-1.neue7.com:5443/LiveApp/play.html?id=eg-gc-bg-132-stream-02",
          "type": "rectangle",
          "enabled": true
        },
        {
          "streamId": 3,
          "streamName": "Yayın 3 (USB)",
          "url": "https://webrtc-1.neue7.com:5443/LiveApp/play.html?id=eg-gc-bg-132-stream-03",
          "type": "usb",
          "enabled": true
        }
      ]
    },
    {
      "machineId": 46,
      "machineName": "eg-gc-bg-159",
      "streams": [
        {
          "streamId": 1,
          "streamName": "Yayın 1",
          "url": "https://webrtc-1.neue7.com:5443/LiveApp/play.html?id=eg-gc-bg-159-stream-01",
          "type": "rectangle",
          "enabled": true
        },
        {
          "streamId": 2,
          "streamName": "Yayın 2",
          "url": "https://webrtc-1.neue7.com:5443/LiveApp/play.html?id=eg-gc-bg-159-stream-02",
          "type": "rectangle",
          "enabled": true
        },
        {
          "streamId": 3,
          "streamName": "Yayın 3 (USB)",
          "url": "https://webrtc-1.neue7.com:5443/LiveApp/play.html?id=eg-gc-bg-159-stream-03",
          "type": "usb",
          "enabled": true
        }
      ]
    },
    {
      "machineId": 47,
      "machineName": "eg-gc-bg-174",
      "streams": [
        {
          "streamId": 1,
          "streamName": "Yayın 1",
          "url": "https://webrtc-1.neue7.com:5443/LiveApp/play.html?id=eg-gc-bg-174-stream-01",
          "type": "rectangle",
          "enabled": true
        },
        {
          "streamId": 2,
          "streamName": "Yayın 2",
          "url": "https://webrtc-1.neue7.com:5443/LiveApp/play.html?id=eg-gc-bg-174-stream-02",
          "type": "rectangle",
          "enabled": true
        },
        {
          "streamId": 3,
          "streamName": "Yayın 3 (USB)",
          "url": "https://webrtc-1.neue7.com:5443/LiveApp/play.html?id=eg-gc-bg-174-stream-03",
          "type": "usb",
          "enabled": true
        }
      ]
    },
    {
      "machineId": 48,
      "machineName": "eg-gc-bg-181",
      "streams": [
        {
          "streamId": 1,
          "streamName": "Yayın 1",
          "url": "https://webrtc-1.neue7.com:5443/LiveApp/play.html?id=eg-gc-bg-181-stream-01",
          "type": "rectangle",
          "enabled": true
        },
        {
          "streamId": 2,
          "streamName": "Yayın 2",
          "url": "https://webrtc-1.neue7.com:5443/LiveApp/play.html?id=eg-gc-bg-181-stream-02",
          "type": "rectangle",
          "enabled": true
        },
        {
          "streamId": 3,
          "streamName": "Yayın 3 (USB)",
          "url": "https://webrtc-1.neue7.com:5443/LiveApp/play.html?id=eg-gc-bg-181-stream-03",
          "type": "usb",
          "enabled": true
        }
      ]
    },
    {
      "machineId": 49,
      "machineName": "eg-pc-bg-161",
      "streams": [
        {
          "streamId": 1,
          "streamName": "Yayın 1",
          "url": "https://webrtc-1.neue7.com:5443/LiveApp/play.html?id=eg-pc-bg-161-stream-01",
          "type": "rectangle",
          "enabled": true
        },
        {
          "streamId": 2,
          "streamName": "Yayın 2",
          "url": "https://webrtc-1.neue7.com:5443/LiveApp/play.html?id=eg-pc-bg-161-stream-02",
          "type": "rectangle",
          "enabled": true
        },
        {
          "streamId": 3,
          "streamName": "Yayın 3 (USB)",
          "url": "https://webrtc-1.neue7.com:5443/LiveApp/play.html?id=eg-pc-bg-161-stream-03",
          "type": "usb",
          "enabled": true
        }
      ]
    },
    {
      "machineId": 50,
      "machineName": "eg-pc-bg-165",
      "streams": [
        {
          "streamId": 1,
          "streamName": "Yayın 1",
          "url": "https://webrtc-1.neue7.com:5443/LiveApp/play.html?id=eg-pc-bg-165-stream-01",
          "type": "rectangle",
          "enabled": true
        },
        {
          "streamId": 2,
          "streamName": "Yayın 2",
          "url": "https://webrtc-1.neue7.com:5443/LiveApp/play.html?id=eg-pc-bg-165-stream-02",
          "type": "rectangle",
          "enabled": true
        },
        {
          "streamId": 3,
          "streamName": "Yayın 3 (USB)",
          "url": "https://webrtc-1.neue7.com:5443/LiveApp/play.html?id=eg-pc-bg-165-stream-03",
          "type": "usb",
          "enabled": true
        }
      ]
    },
    {
      "machineId": 51,
      "machineName": "eg-pc-bg-169",
      "streams": [
        {
          "streamId": 1,
          "streamName": "Yayın 1",
          "url": "https://webrtc-1.neue7.com:5443/LiveApp/play.html?id=eg-pc-bg-169-stream-01",
          "type": "rectangle",
          "enabled": true
        },
        {
          "streamId": 2,
          "streamName": "Yayın 2",
          "url": "https://webrtc-1.neue7.com:5443/LiveApp/play.html?id=eg-pc-bg-169-stream-02",
          "type": "rectangle",
          "enabled": true
        },
        {
          "streamId": 3,
          "streamName": "Yayın 3 (USB)",
          "url": "https://webrtc-1.neue7.com:5443/LiveApp/play.html?id=eg-pc-bg-169-stream-03",
          "type": "usb",
          "enabled": true
        }
      ]
    },
    {
      "machineId": 52,
      "machineName": "eg-pc-ge-71",
      "streams": [
        {
          "streamId": 1,
          "streamName": "Yayın 1",
          "url": "https://webrtc-1.neue7.com:5443/LiveApp/play.html?id=eg-pc-ge-71-stream-01",
          "type": "rectangle",
          "enabled": true
        },
        {
          "streamId": 2,
          "streamName": "Yayın 2",
          "url": "https://webrtc-1.neue7.com:5443/LiveApp/play.html?id=eg-pc-ge-71-stream-02",
          "type": "rectangle",
          "enabled": true
        }
      ]
    }
  ]
}
